fullName,email,phoneNumber,type,auxiliaryFields-Departamento,auxiliaryFields-Nivel,auxiliaryFields-Sucursal
José Medina,jose@encodebiz.com,+34 638043729,credential,Desarrollo,Junior,Carabanchel 3
Inocencio Canales,eliasnavarrete@yahoo.com,+34 687214485,credential,Desarrollo,Junior,Carabanchel 3
Sosimo Rey,vera17@ferrera.com,+34 661620301,credential,Desarrollo,Junior,Carabanchel 3
Victor Manuel Pujadas,lupita46@hotmail.com,+34 642412916,credential,Desarrollo,Junior,Carabanchel 3
Anastasia Bru,terueloctavio@yahoo.com,+34 642983512,credential,Desarrollo,Junior,Carabanchel 3
Natalia Rivera,cgarcia@cuadrado.com,+34 696529540,credential,Desarrollo,Junior,Carabanchel 3
Apolinar Ariza,pereaberta@luna-manuel.net,+34 635134783,credential,Desarrollo,Junior,Carabanchel 3
Adán Gelabert,pinedogil@pinilla-goni.es,+34 620387380,credential,Desarrollo,Junior,Carabanchel 3
Cristian Solís,escobarluis@gmail.com,+34 658567059,credential,Desarrollo,Junior,Carabanchel 3
Yaiza Bilbao,navasgeraldo@sarabia-moya.es,+34 623879078,credential,Desarrollo,Junior,Carabanchel 3
Matilde Carnero,partigas@pozuelo.es,+34 694723627,credential,Desarrollo,Junior,Carabanchel 3
Alondra Terrón,jlobato@yahoo.com,+34 647456023,credential,Desarrollo,Junior,Carabanchel 3
Moisés Arcos,medinamariano@gmail.com,+34 688708859,credential,Desarrollo,Junior,Carabanchel 3
Andrés Felipe Sacristán,cbayona@montenegro.org,+34 682214312,credential,Desarrollo,Junior,Carabanchel 3
Luciano Rueda,badiaaugusto@aguirre-carbo.com,+34 683520902,credential,Desarrollo,Junior,Carabanchel 3
Florencia Murillo,petrona42@yahoo.com,+34 663963351,credential,Desarrollo,Junior,Carabanchel 3
Fabiola Vara,gertrudisfuster@gmail.com,+34 615980895,credential,Desarrollo,Junior,Carabanchel 3
Renato Urrutia,icarreras@yahoo.com,+34 622183504,credential,Desarrollo,Junior,Carabanchel 3
Emperatriz Álamo,luzcecilio@gmail.com,+34 640257484,credential,Desarrollo,Junior,Carabanchel 3
Domitila Fabra,cidjose-angel@marti-duarte.org,+34 627681318,credential,Desarrollo,Junior,Carabanchel 3
Esperanza Peiró,olivia43@hotmail.com,+34 657003397,credential,Desarrollo,Junior,Carabanchel 3
Régulo Escamilla,fbusquets@lobato.net,+34 652646825,credential,Desarrollo,Junior,Carabanchel 3
Marisol Arce,lino91@hotmail.com,+34 696892574,credential,Desarrollo,Junior,Carabanchel 3
Gabriel Atienza,judithortiz@gmail.com,+34 690246550,credential,Desarrollo,Junior,Carabanchel 3
Arsenio Moraleda,rovirasoraya@vazquez.es,+34 628526566,credential,Desarrollo,Junior,Carabanchel 3
Ruperto Rodriguez,terronaroa@sevilla-plana.es,+34 636543578,credential,Desarrollo,Junior,Carabanchel 3
Julián Pina,dpaez@anguita-juan.com,+34 629360834,credential,Desarrollo,Junior,Carabanchel 3
Remigio Marí,hpina@gmail.com,+34 697370198,credential,Desarrollo,Junior,Carabanchel 3
Raquel Caballero,joaquina35@almansa.org,+34 652338770,credential,Desarrollo,Junior,Carabanchel 3
Marta Castelló,celso07@carvajal-asensio.es,+34 636214248,credential,Desarrollo,Junior,Carabanchel 3
Daniel Casado,robledoflorencia@acosta-pinedo.es,+34 622698306,credential,Desarrollo,Junior,Carabanchel 3
Mireia Morán,juan-luisduenas@hotmail.com,+34 689197891,credential,Desarrollo,Junior,Carabanchel 3
Norberto Vives,emilianobusquets@torrecilla.es,+34 678559562,credential,Desarrollo,Junior,Carabanchel 3
Zaira Borrego,pleon@quiroga.es,+34 623649258,credential,Desarrollo,Junior,Carabanchel 3
Nélida Galindo,fortunatofonseca@conde.org,+34 658545132,credential,Desarrollo,Junior,Carabanchel 3
Jorge Alemany,barbaguillermo@gmail.com,+34 689515170,credential,Desarrollo,Junior,Carabanchel 3
Imelda Ródenas,giraltgervasio@taboada.org,+34 630404576,credential,Desarrollo,Junior,Carabanchel 3
Leandro Escalona,carreramaximo@gmail.com,+34 631995385,credential,Desarrollo,Junior,Carabanchel 3
Micaela Vallés,joaquina80@perera.es,+34 653048840,credential,Desarrollo,Junior,Carabanchel 3
Belén Egea,kfarre@hotmail.com,+34 649612142,credential,Desarrollo,Junior,Carabanchel 3
Azahar Caro,estradadorotea@yahoo.com,+34 631642863,credential,Desarrollo,Junior,Carabanchel 3
Paloma Ruiz,jerezbenigno@gmail.com,+34 674280698,credential,Desarrollo,Junior,Carabanchel 3
José Manuel Reyes,agarces@zamorano-murcia.com,+34 655669556,credential,Desarrollo,Junior,Carabanchel 3
Aránzazu Mendez,hcobos@esteve.es,+34 683800445,credential,Desarrollo,Junior,Carabanchel 3
Teodosio Carnero,belensaenz@gmail.com,+34 675749061,credential,Desarrollo,Junior,Carabanchel 3
Almudena Prats,heriberto30@gmail.com,+34 671405791,credential,Desarrollo,Junior,Carabanchel 3
Marisa Sala,edelmira86@zaragoza-galindo.net,+34 628967827,credential,Desarrollo,Junior,Carabanchel 3
Noé Pedrero,gallartrodrigo@hotmail.com,+34 618746960,credential,Desarrollo,Junior,Carabanchel 3
Bonifacio Ferrero,leandrodiez@cueto.net,+34 695497886,credential,Desarrollo,Junior,Carabanchel 3
Rosalva Mayo,apariciojenny@hotmail.com,+34 696627468,credential,Desarrollo,Junior,Carabanchel 3
